Epoch,A,B,C,D
0,0.999999,0.5,0,0
1,0,0.04742519553227111,1,0.04742587317756683
2,0,1,0,0
3,0,0,0,1
4,0,0,0,0
