Epoch,A,B,C,D
0,0,0,0.8887892502057932,0.5262242900615619
1,0,1,0,0
2,0.04742587317756683,0,0,1
3,0,0,0,0
4,0,0,0,0
