Epoch,A,B,C,D
0,-0.32874720242914357,0.2615358075593546,0.35706378521213217,-0.9116783906214012
1,0,0,0,0
2,0,0,0,0
3,0,0,0,0
4,0,0,0,0
